TimeStamp,Alpha_TP9,Alpha_FP1,Alpha_FP2,Alpha_TP10,Beta_TP9,Beta_FP1,Beta_FP2,Beta_TP10,Delta_TP9,Delta_FP1,Delta_FP2,Delta_TP10,Gamma_TP9,Gamma_FP1,Gamma_FP2,Gamma_TP10,Theta_TP9,Theta_FP1,Theta_FP2,Theta_TP10,Mellow,Concentration,RAW_TP9,RAW_FP1,RAW_FP2,RAW_TP10
2016-05-10 18:16:59,-0.10285668,-0.37739936,-0.3725302,-0.46573862,-0.08501302,-0.5234218,-0.52352726,0.010246229,0.59614825,0.14279382,0.3712178,0.6064798,-0.28024685,-0.90782154,-0.7926537,-0.2386727,-0.49429035,-0.3539434,-0.0152784325,-0.24187204,-1.0,-0.0387259,799.46045,789.5906,786.3006,725.43634
2016-05-10 18:17:00,-0.10285668,0.083892345,-0.3725302,-0.46573862,-0.08501302,-0.19191733,-0.60418564,0.010246229,0.59614825,0.83880436,0.2492734,0.6064798,-0.28024685,-0.5623902,-0.83151615,-0.2386727,-0.49429035,0.11210927,0.18526353,-0.24187204,-1.0,-0.010669902,799.46045,819.2002,827.4251,738.5962
2016-05-10 18:17:01,-0.10285668,-0.25029647,-0.08518277,-0.46573862,-0.08501302,-0.2852452,-0.44881833,0.010246229,0.59614825,0.62006325,0.15169191,0.6064798,-0.28024685,-0.39076126,-0.38203272,-0.2386727,-0.49429035,-0.070642315,0.37946683,-0.24187204,-1.0,-0.010669902,755.04596,802.7504,797.8155,784.65564
2016-05-10 18:17:02,-0.10285668,-0.47334915,-0.25369346,-0.46573862,-0.08501302,-0.2385034,-0.4798065,0.010246229,0.59614825,0.43544132,0.04276304,0.6064798,-0.28024685,-0.4252574,-0.4890815,-0.2386727,-0.49429035,-0.19390708,0.063751265,-0.24187204,-1.0,-0.010669902,827.4251,829.07007,789.5906,792.88055
2016-05-10 18:17:03,-0.10285668,-0.34107694,-0.54612976,-0.46573862,-0.08501302,-0.13328932,-0.42474556,0.010246229,0.59614825,-0.023456844,-0.181878,0.6064798,-0.28024685,-0.35513952,-0.40532207,-0.2386727,-0.49429035,-0.4318647,-0.42572695,-0.24187204,-1.0,-0.010669902,781.36566,810.9753,794.5255,753.401
2016-05-10 18:17:04,-0.10285668,-0.48284358,-0.26146364,-0.10087002,-0.08501302,-0.20013738,-0.23896083,0.11749164,0.59614825,-0.41065156,-0.1929869,0.8206468,-0.28024685,-0.45183957,-0.44509724,0.10226534,-0.49429035,-0.64639807,-0.22170323,0.014301919,-1.0,0.21233304,786.3006,809.3303,799.46045,783.0106
2016-05-10 18:17:05,-0.10285668,-0.65375733,-0.39935708,-0.10087002,-0.08501302,-0.46081084,-0.51275593,0.11749164,0.59614825,-0.32883093,0.043511085,0.8206468,-0.28024685,-0.65290797,-0.57638013,0.10226534,-0.49429035,-0.8112206,-0.47868827,0.014301919,-1.0,0.44613305,759.9809,810.9753,804.3954,830.7151
2016-05-10 18:17:06,-0.10285668,-0.6329473,-0.8010386,-0.10087002,-0.08501302,-0.40174627,-0.5454703,0.11749164,0.59614825,-0.43806624,-2.717828E-4,0.8206468,-0.28024685,-0.4604145,-0.61153716,0.10226534,-0.49429035,-0.9322457,-0.4310956,0.014301919,-1.0,0.44613305,819.2002,822.4902,802.7504,778.0757
2016-05-10 18:17:07,-0.10285668,-0.49353927,-0.77910507,-0.10087002,-0.08501302,-0.3749421,-0.6201833,0.11749164,0.59614825,-0.20430757,-0.1717622,0.8206468,-0.28024685,-0.57549614,-0.6874674,0.10226534,-0.49429035,-0.76009184,-0.7737043,0.014301919,-1.0,0.44613305,908.0292,817.55524,822.4902,840.58496
2016-05-10 18:17:08,-0.10285668,-0.3899013,-0.24422635,-0.10087002,-0.08501302,-0.47366172,-0.46180096,0.11749164,0.59614825,-0.32561406,0.74369025,0.8206468,-0.28024685,-0.5871566,-0.6061087,0.10226534,-0.49429035,-0.9022131,-0.64690244,0.014301919,-1.0,0.44613305,801.1054,820.8452,809.3303,791.23553
2016-05-10 18:17:09,-0.10285668,-0.5147685,-0.24248318,-0.018541824,-0.08501302,-0.54976493,-0.44534597,-0.06817094,0.59614825,-0.5450067,0.5623118,0.6492667,-0.28024685,-0.68793905,-0.85458684,-0.42482653,-0.49429035,-0.76168215,-0.68462896,-0.040436383,-1.0,0.27547276,713.92145,815.9103,802.7504,802.7504
2016-05-10 18:17:10,-0.10285668,-0.70538884,-0.41067976,-0.17510901,-0.08501302,-0.50360733,-0.4450671,-0.02714474,0.59614825,-0.35557637,0.26290607,0.20935227,-0.28024685,-0.7624547,-0.9196794,-0.3690972,-0.49429035,-0.8767945,-0.38388368,-0.010558116,-1.0,0.03684959,889.9344,809.3303,797.8155,801.1054
2016-05-10 18:17:11,-0.10285668,-0.47577175,-0.7660729,-0.124055564,-0.08501302,-0.045070466,-0.1170637,-0.0025053315,0.59614825,-0.3832321,0.9065513,0.56378555,-0.28024685,-0.8269527,-0.850657,-0.5678266,-0.49429035,-0.6764573,-0.0548999,-0.16546005,-1.0,-0.23381978,814.26526,825.78015,810.9753,797.8155
2016-05-10 18:17:12,-0.10285668,-0.44937646,-0.48463458,-0.07511082,-0.08501302,-0.28633127,-0.3427195,-0.17608346,0.59614825,-0.42497072,0.7338938,0.6744472,-0.28024685,-0.98524797,-1.129099,-0.6305367,-0.49429035,-0.64294726,-0.23185298,-0.3833012,-1.0,-0.59604514,801.1054,824.13513,804.3954,802.7504
2016-05-10 18:17:13,-0.10285668,-0.5724519,-0.40336236,0.0016846139,-0.08501302,-0.6821102,-0.67169327,-0.295823,0.59614825,-0.35349816,-0.75564975,0.29365176,-0.28024685,-1.0201674,-1.1523767,-0.6069285,-0.49429035,-0.8545239,-0.8366185,-0.42083454,-0.97958887,-0.8853956,792.88055,825.78015,807.68536,815.9103
2016-05-10 18:17:14,-0.10285668,-0.5440297,-0.67045206,-0.21651764,-0.08501302,-0.7369902,-0.88777554,-0.16922753,0.59614825,-0.5208262,-0.5038108,0.532559,-0.28024685,-1.0165472,-1.1161671,-0.54432374,-0.49429035,-0.6122974,-0.6688542,0.036992718,-1.0,-1.0,807.68536,817.55524,802.7504,794.5255
2016-05-10 18:17:15,-0.10285668,-0.44119027,-0.06940103,-0.18901291,-0.08501302,-0.7521903,-0.63093674,-0.30446622,0.59614825,-0.41415572,-0.2755318,0.64259726,-0.28024685,-1.0286577,-1.0363113,-0.6118132,-0.49429035,-0.44344053,-0.42587212,0.06265104,-1.0,-1.0,809.3303,817.55524,814.26526,797.8155
2016-05-10 18:17:16,0.06475531,-0.5899971,0.580939,0.19594409,-0.23890835,-0.6669819,0.07138816,-0.43182954,0.30074868,-0.5779704,0.63381714,0.23962061,-0.50517714,-1.0080827,-0.48644114,-0.64424163,0.4963612,-0.78249824,-0.28921598,-0.39577588,-0.9043693,-1.0,750.111,820.8452,834.005,822.4902
2016-05-10 18:17:17,0.06475531,-0.48733267,0.16254498,0.27052936,-0.23890835,-0.61348474,-0.43262556,-0.28234628,0.30074868,-0.5667786,0.7473475,0.4041234,-0.50517714,-0.8126443,-0.7821415,-0.6518566,0.4963612,-0.9497548,-0.49192747,-0.3432772,-0.6288193,-1.0,835.65,824.13513,810.9753,794.5255
2016-05-10 18:17:18,0.06475531,-0.62323976,-0.5077295,-0.057277713,-0.23890835,-0.7166716,-0.70756644,-0.19527082,0.30074868,-0.57664514,0.7302308,0.96267784,-0.50517714,-0.9089483,-0.97989553,-0.4692925,0.4963612,-0.8611129,-0.5082191,-0.20697808,-0.43890226,-1.0,875.1295,820.8452,814.26526,810.9753
2016-05-10 18:17:19,0.06475531,-0.934564,-0.799666,0.018906584,-0.23890835,-0.69904995,-0.75550383,-0.11884753,0.30074868,-0.5053753,-1.0494407,0.521931,-0.50517714,-0.9632167,-0.949696,-0.3503532,0.4963612,-0.6747639,-0.87573445,-0.55866784,-0.47936764,-0.74061704,886.6444,825.78015,807.68536,807.68536
2016-05-10 18:17:20,0.06475531,-0.6332406,-0.76409894,-0.00896995,-0.23890835,-0.56636065,-0.6187087,-0.121011704,0.30074868,-0.5083899,-0.47243744,0.17276414,-0.50517714,-0.8932276,-1.0630422,-0.7900747,0.4963612,-0.5587526,-1.0062108,-0.25455937,-0.47936764,-0.9000935,868.5496,814.26526,781.36566,807.68536
2016-05-10 18:17:21,-0.05811169,-0.6698986,-0.78517836,0.040080145,-0.15921956,-0.24681775,-0.24937706,0.01743102,0.0034356434,-0.25019163,0.14372319,-0.12694013,-0.7617777,-0.59377486,-0.9459912,-0.6530709,-0.4377575,-0.7956714,-0.39072952,-0.25165075,-0.659419,-1.0,850.45483,832.36005,819.2002,819.2002
2016-05-10 18:17:22,0.1801804,-0.4802136,-0.3357833,0.069266796,-0.16233522,-0.2460255,-0.3044937,-0.2185082,0.055056166,-0.16074981,0.5712156,-0.0641467,-0.71869886,-0.5583009,-0.82381296,-0.6927221,-0.26978645,-0.87559855,-0.30657715,-0.31788278,-0.4621404,-1.0,830.7151,824.13513,815.9103,810.9753
2016-05-10 18:17:24,-0.028290296,-0.46267965,-0.3357833,-0.05079289,-0.29872295,-0.686421,-0.78977805,-0.22000319,0.44955006,-0.61629164,0.30833492,0.004780759,-0.8740383,-0.9754866,-1.0418237,-0.7337804,-0.1950597,-0.852864,-0.44828218,-0.35934874,-0.4677421,-1.0,825.78015,825.78015,807.68536,810.9753
2016-05-10 18:17:25,-0.18993191,-0.69444364,-0.8244783,0.039958704,-0.34438938,-0.7913222,-0.9134673,-0.2346249,0.29142043,-0.77597165,-0.5861736,0.118978165,-0.864113,-1.0263454,-1.0524784,-0.7070515,-0.054455183,-0.9775955,-1.0902842,-0.21203108,-0.712021,-1.0,738.5962,825.78015,807.68536,769.8508
2016-05-10 18:17:26,-0.11353708,-0.8346264,-0.7099626,0.053069763,-0.4211584,-0.81516194,-0.9086781,-0.36805755,-0.24316189,-0.7593111,-0.7008573,0.555783,-0.87160206,-1.0751188,-1.2834753,-0.8978005,-0.23784035,-0.5802082,-0.5592554,-0.19107638,-0.7321516,-1.0,837.295,825.78015,806.04034,797.8155
2016-05-10 18:17:27,-0.11353708,-1.0193923,-0.6757714,0.043898005,-0.4211584,-0.6799039,-0.5017891,-0.29180136,-0.24316189,-0.79194486,-0.82393545,0.36169422,-0.87160206,-1.0123382,-0.41970584,-0.6784792,-0.23784035,-0.8712924,-0.665732,-0.1817056,-0.57226807,-1.0,891.57935,820.8452,801.1054,815.9103
2016-05-10 18:17:28,-0.11353708,-0.6805368,-0.52758294,-0.15213428,-0.4211584,-0.49027523,-0.31678957,-0.3412561,-0.24316189,-0.7265398,-0.327676,0.24841997,-0.87160206,-0.75816095,-0.30437955,-0.58451915,-0.23784035,-1.007924,-0.8567914,-0.54032356,-0.841374,-1.0,852.0998,832.36005,822.4902,810.9753
2016-05-10 18:17:29,-0.1168104,-0.7866325,-0.56556284,-0.15434387,-0.4660986,-0.5114961,-0.5004288,-0.48968276,0.14419203,-0.34517425,-0.074531615,0.1773046,-0.77733296,-0.8074038,-0.7546711,-0.7366828,-0.3872974,-0.8873032,-0.94967794,-0.58714235,-1.0,-1.0,814.26526,830.7151,801.1054,801.1054
2016-05-10 18:17:30,-0.25021327,-0.72390926,-0.8046812,-0.607088,-0.4586514,-0.5608724,-0.5714975,-0.43504554,0.16528389,-0.16207221,-0.15419166,0.12622792,-0.77178794,-0.8780162,-0.818627,-0.8126299,-0.51016045,-1.034856,-0.98393345,-0.5982663,-1.0,-1.0,850.45483,832.36005,819.2002,812.6203
2016-05-10 18:17:31,0.104375005,-0.7191899,-0.62776446,-0.0343785,-0.06422096,-0.6519103,-0.72180575,-0.06685025,0.7426031,-0.31744218,-0.0050023487,0.06708809,-0.71310765,-0.8628957,-0.80050266,-0.6757925,0.059518028,-0.94765896,-1.004982,-0.5825914,-0.8940085,-1.0,842.2299,825.78015,809.3303,810.9753
2016-05-10 18:17:32,-0.24524672,-0.83158475,-0.6215896,-0.112000026,-0.15304229,-0.71426153,-0.9386166,-0.18552004,0.7084999,-0.87943006,0.12705596,0.03821698,-0.71096814,-1.0919763,-1.1785494,-0.6756939,0.13905706,-0.87433916,-0.6116974,-0.5170497,-0.90127736,-1.0,807.68536,820.8452,807.68536,802.7504
2016-05-10 18:17:33,-0.41899252,-0.89367974,-0.91817665,0.01752819,-0.24205302,-0.75691175,-0.9685531,-0.31023526,0.6767714,-0.7261351,-0.48712584,0.53771245,-0.72874063,-1.1666094,-1.1916499,-0.6436868,0.045019906,-0.9230857,-0.91671497,0.11760053,-0.9508824,-1.0,822.4902,819.2002,809.3303,815.9103
2016-05-10 18:17:34,-0.41899252,-0.9212369,-0.68687516,0.06894928,-0.24205302,-0.7799373,-0.86623394,-0.2860191,0.6767714,-0.8913382,-0.48579738,0.7103141,-0.72874063,-1.2441164,-1.12332,-0.59367234,0.045019906,-1.1631947,-0.91079336,0.3071043,-0.66488016,-1.0,875.1295,827.4251,806.04034,797.8155
2016-05-10 18:17:35,-0.41899252,-0.87898576,-0.7131385,-0.0081782285,-0.24205302,-0.8682876,-0.84473985,-0.1920753,0.6767714,-0.8373628,-0.9227401,-0.1906985,-0.72874063,-1.0101423,-1.0515213,-0.6843932,0.045019906,-1.2843544,-0.7963204,-0.43707457,-0.50122017,-1.0,843.87494,825.78015,809.3303,822.4902
2016-05-10 18:17:36,-0.016594293,-0.8136233,-1.05917,0.028081456,-0.39925498,-0.9115221,-0.80599004,-0.3532246,0.48964548,-0.6445545,-0.9709093,0.26459926,-0.6683813,-0.93112206,-1.1787338,-0.7992097,0.036913652,-1.1352471,-1.1592492,-0.17346126,-0.2976326,-1.0,832.36005,822.4902,809.3303,817.55524
2016-05-10 18:17:37,-0.09040211,-0.7758139,-0.81790286,-0.19584654,-0.43150806,-0.94239694,-1.053061,-0.44489312,0.3301691,-0.8676973,-0.60550094,0.16498609,-0.87591285,-1.0378658,-1.2797335,-0.82708627,-0.06691397,-0.9916401,-1.0426702,-0.3366969,-0.26129267,-1.0,837.295,824.13513,809.3303,804.3954
2016-05-10 18:17:38,-0.1656209,-0.7735701,-0.7174445,-0.20248698,-0.27429843,-0.88351494,-0.8997392,-0.28550795,0.5741663,-0.9263382,-0.4031933,0.36256367,-0.853467,-0.9608151,-1.1212956,-0.8627199,-0.0028563729,-1.004398,-0.7967787,-0.046702407,-0.5762467,-1.0,835.65,815.9103,809.3303,807.68536
2016-05-10 18:17:39,-0.18268502,-0.7297132,-0.66589904,0.07751123,-0.2085504,-0.89532256,-0.8689831,-0.115068614,0.24434528,-0.84618795,-0.92881715,0.10601457,-0.83244234,-1.1759187,-1.084037,-0.82774866,-0.026221618,-1.0160797,-1.0864596,-0.09802477,-0.53466535,-1.0,834.005,819.2002,802.7504,809.3303
2016-05-10 18:17:40,-0.12388015,-0.8507308,-0.7130381,-0.13876042,-0.21254921,-0.81818,-0.7880618,-0.33490995,0.49635962,-0.63819754,-0.71836245,0.46995246,-0.8222359,-0.8964725,-0.8625507,-0.7031106,0.20142227,-1.1761104,-0.8821759,0.06725332,-0.558093,-1.0,832.36005,825.78015,809.3303,810.9753
2016-05-10 18:17:41,-0.105913535,-1.011525,-0.8120059,-0.3872185,-0.41678384,-0.71030253,-0.8571717,-0.43638617,0.7324826,-0.892162,-0.4251486,0.65541154,-0.8299183,-0.8662136,-0.8627846,-0.776516,0.08940749,-0.966538,-0.754771,0.062141113,-0.84258837,-1.0,835.65,822.4902,809.3303,809.3303
2016-05-10 18:17:42,-0.25203788,-0.8845999,-0.78437,-0.085695475,-0.37442774,-0.87920564,-0.8950498,-0.3988823,0.9656258,-0.6196189,-0.62540364,0.90340567,-0.7510253,-0.86583745,-1.0832552,-0.6137743,0.045567438,-0.79638755,-0.8498129,0.039586686,-1.0,-1.0,834.005,822.4902,806.04034,812.6203
2016-05-10 18:17:43,-0.30661714,-0.54044396,-0.7420694,-0.06667403,-0.2698021,-0.92825747,-0.7708062,-0.35391876,0.7142178,-0.53870267,-0.88752985,0.7567381,-0.7513338,-1.080452,-1.1585683,-0.7352179,-0.033989526,-0.8175452,-1.0321956,0.11924312,-1.0,-0.86567414,807.68536,822.4902,807.68536,807.68536
2016-05-10 18:17:44,-0.05607284,-0.8776178,-0.814063,-0.1564063,-0.2113336,-0.55504835,-0.58669007,-0.36956033,0.48027104,-0.5002662,-0.1477761,0.22904919,-0.78922147,-0.9126113,-0.9737437,-0.6610324,-0.10894224,-0.8194527,-0.9324158,-0.3891404,-1.0,-1.0,827.4251,840.58496,807.68536,809.3303
2016-05-10 18:17:45,-0.04162964,-0.9365799,-0.93691915,-0.124346495,-0.30688825,-0.16694994,-0.22026029,-0.26866126,0.8587881,0.12284832,0.003182007,0.073544174,-0.70995843,-0.64070225,-0.7218849,-0.57250565,-0.03809253,-0.50326043,-0.77983975,-0.27570707,-1.0,-0.9288228,840.58496,829.07007,792.88055,806.04034
2016-05-10 18:17:46,-0.07889879,-0.6523136,-0.84053403,-0.07900696,-0.38931912,-0.26409245,-0.2414228,-0.20034048,0.3319804,-0.15240026,0.41938928,0.008908258,-0.6403971,-0.6229048,-0.76839477,-0.5500638,-0.040434614,-0.74847007,-0.66355133,-0.3139248,-0.8869763,-0.5825525,835.65,829.07007,824.13513,807.68536
2016-05-10 18:17:47,-0.058437154,-0.61891866,-0.46117422,-0.015535537,-0.37358823,-0.29635254,-0.3716213,-0.23380814,0.55275613,-0.28772768,-0.011363831,0.47299656,-0.54590875,-0.726568,-0.86741024,-0.6758748,-0.096241,-0.4896844,-0.4573366,-0.35834882,-0.66987634,-0.28702134,814.26526,822.4902,810.9753,784.65564
2016-05-10 18:17:48,0.06665209,-0.8288358,-0.44891632,-0.17714787,-0.113000795,-0.3728973,-0.39364848,-0.05812076,0.8509184,-0.7936656,-0.27891988,0.7810286,-0.5297721,-0.72047704,-0.820573,-0.5837582,0.121964484,-0.607436,-0.54411834,0.12336443,-0.53335875,0.011789362,827.4251,819.2002,807.68536,789.5906
2016-05-10 18:17:49,0.09076702,-0.67751414,-0.890887,0.01868655,-0.06892494,-0.5523,-0.5634507,0.050845638,0.3905393,-0.8359822,-0.30405554,0.34687057,-0.687508,-0.8251028,-0.873634,-0.657596,0.015955547,-0.78067786,-0.97881687,0.038332425,-0.3508105,0.1778881,840.58496,827.4251,807.68536,809.3303
2016-05-10 18:17:50,-0.0050671925,-0.7121609,-0.7695676,-0.07180104,-0.2800933,-0.7485508,-0.813466,-0.075735226,0.13422337,-0.91250056,-0.30586967,0.06494394,-0.8301938,-0.85245156,-0.9922855,-0.7638005,-0.1918986,-0.9700032,-1.2266945,-0.29025012,-0.1412572,0.035508007,850.45483,830.7151,809.3303,807.68536
2016-05-10 18:17:51,-0.084887385,-1.170376,-0.71404546,-0.053171754,-0.47634163,-0.82531106,-0.9871615,-0.5178366,-0.035859793,-1.1983606,-1.0184358,-0.04310442,-0.95400286,-1.0154113,-1.2068384,-0.79151976,-0.20219511,-0.88616264,-1.1814181,-0.3180527,-0.12097863,-0.32611123,843.87494,824.13513,802.7504,814.26526
2016-05-10 18:17:53,-0.09724135,-0.69397146,-0.8909348,-0.21045657,-0.12883711,-0.6679519,-0.7750389,-0.4011811,0.8295849,-0.52199346,-0.876211,0.76752734,-0.73077047,-1.0218418,-1.2298805,-0.7969149,-0.40451273,-0.8997767,-0.83111703,-0.39593953,-0.34926134,-0.60430276,837.295,815.9103,809.3303,806.04034
2016-05-10 18:17:54,-0.16759267,-0.69397146,-0.76112556,-0.15496421,-0.2040222,-0.708029,-0.7275572,-0.36153722,0.8779864,-0.041025966,0.18892257,0.8162936,-0.7416326,-1.0694555,-1.1687468,-0.7570482,-0.17167728,-0.7479894,-0.6840969,-0.09308556,-0.5228907,-0.838829,832.36005,825.78015,799.46045,806.04034
2016-05-10 18:17:55,-0.2192427,-1.0092409,-0.6554117,-0.18600607,-0.42605576,-0.7699473,-0.8043687,-0.40865722,0.6390116,-0.080858625,0.41140217,0.4677803,-0.7324802,-0.96689504,-1.1222425,-0.713767,-0.119040325,-0.7021397,-0.7255593,-0.08221504,-0.8566444,-0.8815447,838.94,824.13513,806.04034,809.3303
2016-05-10 18:17:56,-0.24358788,-0.83451295,-0.9398266,-0.19013019,-0.4461959,-0.9023746,-1.1134131,-0.58781165,0.31107843,-0.8706936,-0.84419554,0.18971033,-0.8911834,-0.99309725,-1.0646602,-0.79626554,-0.408139,-0.8056756,-1.0162479,-0.3755291,-1.0,-1.0,847.16486,834.005,804.3954,806.04034
2016-05-10 18:17:57,-0.29434162,-0.78832316,-0.939036,-0.1804075,-0.53707206,-0.83203536,-1.1193118,-0.53045493,-0.008218957,-0.6893055,-0.93145305,0.37532735,-0.9040928,-1.1158043,-1.2085339,-0.88012064,-0.4771029,-0.71072257,-0.9643127,-0.24148327,-1.0,-1.0,827.4251,825.78015,809.3303,792.88055
2016-05-10 18:17:58,0.16476975,-0.6662283,-0.7346391,0.10913546,-0.38740906,-0.7481198,-0.8047522,-0.33778673,0.46894893,-0.6619313,-0.88565576,0.8665657,-0.7534588,-0.91773397,-1.0630516,-0.809267,-0.116460964,-0.8335597,-0.9150205,0.12759005,-0.855231,-1.0,842.2299,827.4251,807.68536,809.3303
2016-05-10 18:17:58,,,,,,,,,,,,,,,,,,,,,,,,,,,/Marker/3
2016-05-10 18:17:59,0.410455,-0.6618067,-0.68468523,0.45858005,-0.12916477,-0.6323742,-0.67083496,-0.4040632,0.39330468,-0.4686176,-0.31831458,0.720603,-0.84671175,-0.81914955,-0.96993345,-0.7945377,-0.024821762,-0.82087994,-0.5926594,0.06652518,-0.521231,-1.0,840.58496,824.13513,810.9753,812.6203
2016-05-10 18:18:00,-0.16280162,-0.7315615,-0.7951844,-0.15845059,-0.276986,-0.8709898,-0.9646832,-0.27575913,-0.078335226,-0.7252669,-0.436999,0.17419578,-0.86032844,-1.0262338,-1.1851442,-0.7681291,-0.3194709,-0.9904252,-0.5993658,-0.4560917,-0.31144452,-1.0,829.07007,824.13513,799.46045,700.7616
2016-05-10 18:18:01,-0.13977961,-0.9090054,-0.96659243,-0.21641225,-0.4556487,-0.9021548,-1.033338,-0.24308099,-0.22824985,-0.6663034,-0.667696,0.10487413,-0.76190627,-0.96978927,-1.0839183,-0.79688555,-0.32416353,-0.89682555,-0.92139214,-0.4923618,-0.6285588,-1.0,843.87494,830.7151,810.9753,802.7504
2016-05-10 18:18:02,-0.039270643,-0.986348,-0.60767674,0.009293051,-0.38418093,-0.9163364,-0.8375832,-0.23767048,-0.037426163,-0.4242566,-0.36176193,0.8821305,-0.7938675,-0.9066828,-0.9703281,-0.6677211,-0.23738883,-0.7771921,-0.7887638,0.083658345,-0.7762089,-0.95467144,843.87494,827.4251,802.7504,880.06445
2016-05-10 18:18:03,-0.15770875,-0.96775657,-0.67968833,-0.33318588,-0.08644428,-0.8678166,-0.83893067,-0.19514982,-0.21709317,-0.8708334,-0.65609616,0.6962056,-0.9936789,-1.0885996,-1.1419653,-0.7609017,-0.30980918,-1.2190628,-1.0746708,0.03726797,-0.9985292,-1.0,848.8099,822.4902,812.6203,778.0757
2016-05-10 18:18:04,-0.3527323,-0.95558816,-0.7165221,-0.33318588,-0.06735766,-0.8097956,-0.785327,-0.19514982,0.22606294,-0.5894606,-0.5365918,0.6962056,-0.9739494,-1.0841846,-1.1867385,-0.7609017,-0.17774428,-0.98571885,-0.75111836,0.03726797,-1.0,-1.0,820.8452,807.68536,801.1054,835.65
2016-05-10 18:18:05,-0.36592954,-0.773087,-0.62126106,-0.33318588,-0.34083378,-0.41710708,-0.4378961,-0.19514982,0.32081223,-0.27109113,0.38895842,0.6962056,-0.6152583,-0.8518184,-0.8938277,-0.7609017,0.046874065,-0.48878682,-0.41609454,0.03726797,-1.0,-0.8238909,850.45483,825.78015,814.26526,834.005
2016-05-10 18:18:06,-0.44811246,-0.73324054,-0.5787283,-0.45522282,-0.34906787,-0.41533896,-0.50474715,-0.55365336,0.6127572,-0.2280636,0.31591874,0.5565866,-0.6241924,-0.89124024,-0.96594656,-0.6962394,-0.33422875,-0.75987947,-0.4198638,-0.25588983,-1.0,-0.55993813,834.005,824.13513,804.3954,819.2002
2016-05-10 18:18:07,-0.31728542,-0.9623488,-0.76401293,-0.1932661,-0.39530402,-0.91266114,-0.9619496,-0.41593435,0.22618863,-0.76643264,-0.6164757,0.092976324,-0.79421604,-1.0407511,-1.1823641,-0.7378562,-0.25840843,-0.8567634,-0.93373275,-0.29267487,-1.0,-0.494197,825.78015,825.78015,807.68536,815.9103
2016-05-10 18:18:08,-0.3207258,-0.7290506,-0.7406521,-0.28948537,-0.3695347,-0.7718458,-0.8977233,-0.43253523,0.043988757,-0.6857951,-0.47185144,-0.11466383,-0.72102755,-0.9003934,-1.0204214,-0.7214663,-0.5824679,-0.9377649,-0.8839318,-0.4466551,-1.0,-0.494197,827.4251,825.78015,807.68536,802.7504
2016-05-10 18:18:09,-0.40335983,-0.7155092,-0.61328435,-0.14367105,-0.18711555,-0.66360086,-0.65113366,-0.16666208,0.23725763,-0.45632154,-0.8401328,0.4229778,-0.822241,-0.9694777,-0.97229177,-0.7325096,-0.34420195,-0.83470917,-0.9535007,-0.2612495,-1.0,-0.57773954,847.16486,824.13513,806.04034,822.4902
2016-05-10 18:18:10,-0.28034115,-0.61305946,-0.63956535,-0.16705649,-0.35368675,-0.7119462,-0.7188349,-0.32966492,0.46385643,-0.39110792,-1.027935,0.51586044,-0.8260431,-0.9150966,-0.9998204,-0.7313377,-0.2322263,-0.81831217,-0.91629404,-0.15005298,-1.0,-0.6615626,840.58496,820.8452,812.6203,819.2002
2016-05-10 18:18:11,-0.2419071,-0.47260138,-0.48527274,-0.11240692,-0.22083294,-0.7214176,-0.95218426,-0.20709069,-0.0569012,-0.52260053,-0.3585178,0.13762936,-0.71142197,-1.0580341,-1.1449395,-0.6686419,-0.4375675,-0.8094986,-0.7084622,-0.3916036,-1.0,-0.454784,843.87494,827.4251,810.9753,824.13513
2016-05-10 18:18:12,-0.2674426,-0.47260138,-0.39767292,0.42302373,-0.20755324,-0.6588953,-0.8471476,-0.009538132,-0.07004113,-0.60160714,-0.3007925,0.19503634,-0.8429111,-1.15749,-1.2375389,-0.74029034,-0.33964655,-0.82775587,-0.98689574,-0.1900825,-0.84756756,-0.32114008,840.58496,834.005,802.7504,794.5255
2016-05-10 18:18:13,0.34323308,-0.5545861,-0.56716937,0.45207334,-0.12198145,-0.6979912,-0.7278889,0.13143821,0.21264099,-0.5150169,-0.72630763,0.34405568,-0.9860111,-1.023541,-1.185016,-0.78110194,-0.43140393,-0.8716422,-0.68925345,-0.22344874,-0.49822596,-0.6020642,830.7151,817.55524,799.46045,786.3006
2016-05-10 18:18:14,0.25252035,-0.5050891,-0.6915153,0.36807093,-0.1549613,-0.62427396,-0.6544143,0.1168134,0.05705948,-0.6919153,-0.35494345,0.57951826,-0.8995731,-0.9252726,-0.9407003,-0.7764649,-0.4234899,-0.8560951,-0.73699516,0.20265172,-0.17461891,-0.91743016,819.2002,824.13513,825.78015,664.5721
2016-05-10 18:18:15,-0.15172201,-0.6799792,-0.7932342,0.3594042,-0.36924484,-0.6295363,-0.8318065,0.047632374,0.24520615,-0.37745506,0.2649863,0.73556364,-0.71664286,-1.0063808,-1.1010123,-0.73364955,-0.1652539,-0.7749455,-0.3635535,0.280655,-0.16936573,-0.881055,832.36005,825.78015,809.3303,875.1295
2016-05-10 18:18:16,-0.12951203,-0.9578379,-0.68730783,0.3594042,-0.35595557,-0.7594894,-0.98039204,0.047632374,0.3417431,-0.48409393,0.081965856,0.73556364,-0.6981028,-1.0321834,-1.0770319,-0.73364955,-0.07145851,-0.8444559,-0.547602,0.280655,-0.39729816,-0.6239902,809.3303,824.13513,806.04034,814.26526
2016-05-10 18:18:17,-0.11825262,-0.9381018,-0.6991626,-0.2001351,-0.28639606,-0.58283633,-0.5405262,-0.15611534,0.7695802,-0.55731815,-0.27415892,0.70911324,-0.6133159,-0.77419376,-0.88253355,-0.5784771,0.086226135,-0.8995636,-0.777544,0.116858535,-0.54490185,-0.30997595,834.005,827.4251,820.8452,827.4251
2016-05-10 18:18:18,0.07140608,-0.6515491,-0.164851,-0.14135624,-0.27691627,-0.4863669,-0.44350305,-0.16375284,0.733696,-0.19940364,0.45889392,0.44055763,-0.6819186,-0.6037903,-0.6051437,-0.58209807,0.0077585094,-0.44646367,0.04126371,-0.07075154,-0.73148686,0.022505866,827.4251,822.4902,814.26526,810.9753
2016-05-10 18:18:19,0.18965004,-0.46364307,-0.13385317,-0.05759651,-0.13856117,-0.656243,-0.50279266,0.0016165854,0.78481305,0.002931494,0.57739615,0.46232423,-0.40956673,-0.7305365,-0.75002587,-0.376598,-0.13858065,-0.35684884,0.08691462,-0.37718275,-0.60747004,0.38838768,838.94,835.65,809.3303,820.8452
2016-05-10 18:18:21,0.08758521,-0.56257176,-0.87202775,-0.078753434,-0.28340572,-0.66302276,-0.6977682,-0.15196747,-0.013125324,-0.48807865,-0.505494,0.22561596,-0.51347417,-0.830617,-0.89320713,-0.46738264,-0.120869674,-0.8043894,-0.5844701,-0.43311673,-0.60747004,0.7205321,842.2299,824.13513,797.8155,802.7504
2016-05-10 18:18:22,-0.2951384,-0.85863006,-0.8004574,-0.6056859,-0.28054932,-0.47489613,-0.6312315,-0.26556256,0.10506483,-0.66739076,0.094488345,0.404624,-0.6412025,-0.5140096,-0.70449376,-0.5689987,-0.04343879,-0.9722617,-0.815601,0.09901201,-0.8234171,1.0,835.65,829.07007,814.26526,819.2002
2016-05-10 18:18:23,-0.16247895,-0.7496255,-0.76845384,-0.78148264,-0.28081432,-0.8055346,-0.7447281,-0.2105651,0.14790806,-0.61014277,-0.43395436,0.53469163,-0.96736383,-0.82121384,-0.9351101,-0.54806125,-0.050595522,-0.8296617,-0.6673507,0.2212709,-1.0,0.87210244,832.36005,827.4251,807.68536,817.55524
2016-05-10 18:18:24,-0.27334234,-0.77902955,-0.9778772,-0.13500756,-0.2670968,-0.86097485,-0.9831535,-0.29410473,0.03161868,-0.44647425,-0.82593876,-0.004309928,-1.081255,-0.9799895,-0.9704787,-0.7799147,-0.29339546,-0.8758088,-0.74911124,-0.21956058,-1.0,0.58733916,850.45483,825.78015,809.3303,830.7151
2016-05-10 18:18:25,-0.27994263,-0.82005084,-0.9850835,-0.25842622,-0.18085554,-0.7386136,-0.82509536,-0.30236873,-0.009492469,-0.81949246,-0.58601636,-0.2147008,-0.9739824,-0.9982317,-1.1173044,-0.7838156,-0.4059981,-1.1320783,-0.9923162,-0.49431548,-1.0,0.27203038,830.7151,825.78015,812.6203,814.26526
2016-05-10 18:18:26,-0.08131764,-0.8931932,-1.0120465,-0.38952148,-0.28714386,-0.7566766,-0.9026175,-0.4518558,0.32898173,-0.7146046,-0.80362254,0.09596849,-1.0052471,-0.90698946,-1.2373525,-0.87237597,-0.32373163,-1.0566431,-0.6399095,-0.39225164,-1.0,-0.04610914,829.07007,830.7151,809.3303,802.7504
2016-05-10 18:18:27,-0.20948108,-0.93478155,-0.9254525,-0.22803564,-0.35352412,-0.7053031,-0.70001614,-0.39657637,-0.16982733,-0.8070672,-0.5560247,-0.002610511,-0.965376,-1.0139978,-0.9991029,-0.85721815,-0.14395197,-1.1144849,-0.72414726,-0.24894719,-1.0,-0.40443203,834.005,829.07007,804.3954,812.6203
2016-05-10 18:18:28,-0.1397723,-0.99521226,-0.76578,-0.20269692,-0.40111357,-0.54560083,-0.47908506,-0.40257302,-0.058623265,-0.8186282,-0.11809497,0.13552734,-0.6759961,-0.8946991,-0.85228026,-0.7073768,-0.18531288,-1.0901155,-0.8682066,-0.061187718,-1.0,-0.53760636,820.8452,824.13513,810.9753,786.3006
2016-05-10 18:18:29,-0.1993938,-1.0815891,-1.264086,-0.29982308,-0.37083736,-0.72242594,-0.72850066,-0.40228623,0.17441277,-0.87082744,-0.21615541,0.38594455,-0.7349436,-1.1523421,-0.9027229,-0.92279947,-0.33580616,-1.0028619,-0.94583124,-0.06810062,-1.0,-0.62445134,842.2299,830.7151,807.68536,815.9103
2016-05-10 18:18:30,-0.20514888,-1.3085994,-1.1906078,-0.51880556,-0.51764524,-0.81243736,-0.9678442,-0.41599846,0.41016275,-0.6649505,-0.6030147,0.61295855,-0.7212822,-1.1940589,-0.94715714,-0.8424773,-0.06531727,-1.0274651,-0.8782136,-1.4815598E-5,-1.0,-0.84732854,829.07007,814.26526,799.46045,814.26526
2016-05-10 18:18:31,-0.23341313,-0.8676742,-0.83960456,-0.38903582,-0.3576881,-0.6423608,-0.655467,-0.2740116,-0.23780093,-0.6186127,-0.31010702,0.47809422,-0.77142835,-0.711202,-0.6218751,-0.709053,-0.15735261,-1.003454,-0.9378684,-0.023045124,-1.0,-0.8891869,832.36005,830.7151,814.26526,812.6203
2016-05-10 18:18:32,-0.30209237,-0.7445326,-0.71143293,-0.057409685,-0.16750121,-0.56121707,-0.64206076,-0.023815444,-0.0378759,-0.6396698,0.0873906,0.26882473,-0.90897995,-0.7520351,-0.60120255,-0.757247,0.0833992,-0.85928124,-0.793414,0.10246385,-1.0,-0.95741314,840.58496,824.13513,812.6203,815.9103
2016-05-10 18:18:33,-0.14260823,-0.76759964,-1.1358119,5.6089106E-4,-0.017367281,-0.9721163,-0.9538539,-0.1091764,0.22446753,-1.3067946,-0.6864966,0.23481303,-0.7888758,-1.0864675,-1.1086127,-0.7029649,-0.053781755,-0.98519635,-1.077732,-0.02426327,-0.89124864,-1.0,855.3898,832.36005,807.68536,820.8452
2016-05-10 18:18:34,-0.057045937,-0.7004043,-0.91051906,-0.06969568,-0.07862694,-0.95552295,-0.88693345,-0.32614434,0.76718956,-0.77968,-0.9659268,0.645839,-0.8166997,-1.0563196,-1.1957934,-0.84021604,-0.24994403,-0.8427198,-1.0015447,0.051861905,-0.65391505,-1.0,837.295,817.55524,815.9103,827.4251
2016-05-10 18:18:35,-0.12349904,-0.8009399,-0.7459173,-0.09945699,-0.23826595,-0.79891163,-0.92002195,-0.54191947,0.2852806,-0.62775147,-0.97844553,0.17227566,-0.8207798,-0.6710848,-1.1657261,-0.856806,-0.66502243,-1.0618397,-1.0078527,-0.5791344,-0.5698273,-1.0,829.07007,822.4902,809.3303,815.9103
2016-05-10 18:18:36,-0.16472822,-0.9456479,-0.8209719,-0.1598199,-0.24522837,-0.83839905,-0.947945,-0.5673271,0.043616958,-0.76984864,-0.97521466,-0.06610502,-0.77809834,-0.9621561,-1.1521232,-0.8853686,-0.34950826,-0.7484835,-0.8981035,-0.22714712,-0.5698273,-1.0,835.65,822.4902,809.3303,810.9753
2016-05-10 18:18:37,-0.18361184,-0.80517286,-0.9325297,-0.24898455,-0.31015083,-0.67003554,-0.7392503,-0.42452148,-0.40005776,-0.5766632,-0.87273115,0.006279408,-0.85458374,-0.9650615,-1.0279123,-0.9360618,-0.25904793,-0.66456777,-1.1804969,-0.18308613,-0.70321524,-1.0,840.58496,830.7151,817.55524,817.55524
2016-05-10 18:18:38,-0.17334406,-0.62321955,-0.5959687,0.11228946,-0.32722813,-0.57340676,-0.6629548,-0.36998883,-0.20517914,-0.5191587,-0.7215501,-0.026198212,-0.7388384,-0.7739883,-0.9350756,-0.6122332,-0.25003073,-0.8509823,-1.4376258,-0.27064824,-0.5644243,-0.90225124,840.58496,834.005,810.9753,810.9753
2016-05-10 18:18:39,-0.21785638,-0.72770005,-0.59388167,0.13943273,-0.34602335,-0.83645064,-0.77688897,-0.41421813,-0.30598813,-0.6647126,-0.6936611,-0.14949746,-0.7558313,-1.0038414,-1.1860199,-0.6618087,-0.044562407,-0.8083717,-1.1446726,-0.19028527,-0.33565107,-0.6339891,834.005,827.4251,807.68536,815.9103
2016-05-10 18:18:40,0.022004852,-1.0211691,-0.82326365,0.069002174,-0.25309387,-0.9026684,-0.8201335,-0.48735663,-0.21786848,-0.8017046,-0.7110492,-0.22597186,-0.7633084,-1.2318834,-1.230374,-0.8027888,-0.10785119,-0.8783219,-0.9206069,-0.23935597,-0.011978487,-0.75688565,838.94,827.4251,804.3954,806.04034
2016-05-10 18:18:41,0.093661435,-0.7389201,-0.8282718,-0.121073104,-0.23824973,-0.75621176,-0.7991907,-0.3371117,0.050239574,-0.72815526,-0.57287693,0.13080645,-0.8042633,-1.0933954,-0.943509,-0.6786906,-0.06518088,-0.6755805,-0.75662327,-0.05055899,0.32362533,-0.6733856,842.2299,825.78015,810.9753,814.26526
2016-05-10 18:18:42,-0.18939868,-0.8824892,-1.0894276,-0.1840171,-0.27689186,-0.85183173,-0.9633749,-0.42670587,0.2928854,-0.3431233,-0.64721096,0.36546364,-0.8812025,-0.93122524,-0.9878821,-0.7651359,0.0043864697,-0.90265304,-0.8156541,4.6877898E-4,0.39580277,-0.78209466,840.58496,827.4251,810.9753,819.2002
2016-05-10 18:18:43,-0.39007074,-1.0230886,-1.0976133,-0.05284123,-0.34407818,-0.9826922,-1.0171452,-0.2633358,-0.10805038,-0.6433208,-0.80904067,-0.15235645,-0.8885704,-1.1450944,-1.165776,-0.87217784,-0.35688782,-1.0714533,-0.95204955,-0.20005041,0.15657592,-1.0,835.65,830.7151,807.68536,810.9753
2016-05-10 18:18:44,-0.3807162,-0.8967265,-1.0578934,-0.22363238,-0.54575956,-0.8845078,-0.9689979,-0.2775457,-0.29282784,-1.0586015,-0.993853,-0.38660598,-0.96278,-1.0516211,-1.2097281,-0.8361657,-0.48640022,-1.2438301,-0.93265086,-0.52563137,-0.093568765,-1.0,829.07007,820.8452,810.9753,809.3303
2016-05-10 18:18:45,-0.19182481,-0.8628946,-1.1549066,-0.5633294,-0.2559571,-0.82034445,-1.047685,-0.4404368,-0.20181575,-1.0165987,-1.3552607,-0.28393865,-1.009642,-1.0010105,-1.2538216,-0.8571651,-0.7387604,-1.108735,-1.3524326,-0.49128374,-0.401533,-1.0,807.68536,824.13513,807.68536,791.23553
2016-05-10 18:18:46,0.10864903,-0.8277377,-0.70676684,-0.08110943,-0.33832863,-0.7795039,-0.85296005,-0.38940233,0.36870378,-0.6773821,-0.74207443,0.3426309,-0.80683887,-1.0065522,-1.0959393,-0.94933605,-0.15387706,-0.7026331,-1.046431,-0.11037547,-0.4859446,-1.0,840.58496,814.26526,809.3303,824.13513
2016-05-10 18:18:47,0.19444296,-0.75553703,-0.5602776,0.14902236,-0.32685032,-0.4773675,-0.5857898,-0.31362554,0.35724303,-0.75504565,-0.20998043,0.32166624,-0.664923,-0.6774313,-0.6048749,-0.70499015,-0.47633216,-0.84619945,-0.7540929,-0.21015362,-0.1678122,-0.850886,840.58496,820.8452,820.8452,817.55524
2016-05-10 18:18:48,0.13459055,-0.72156006,-0.41926622,0.35493088,-0.17190626,-0.5513361,-0.52744424,-0.30336148,0.372693,-0.46748227,-0.037831828,0.35293555,-0.7078791,-0.7463758,-0.6239899,-0.56306666,-0.1520807,-0.9743631,-0.92999524,-0.29215193,0.16473563,-0.532719,837.295,830.7151,815.9103,815.9103
2016-05-10 18:18:49,-0.069730155,-0.7793517,-0.9572843,-0.12579486,-0.35564542,-0.7144092,-0.7318454,-0.44110936,0.06249889,-0.7351572,-0.608896,-0.12021056,-0.88291913,-0.8921372,-0.87494344,-0.7165083,-0.17579432,-0.98945796,-1.1521971,-0.44887668,0.4646118,-0.35068905,825.78015,830.7151,804.3954,799.46045
2016-05-10 18:18:50,-0.12067657,-1.1304779,-1.1624585,-0.19478033,-0.34547812,-1.0264039,-0.94305253,-0.2929618,0.60375226,-0.626223,-0.6873691,0.5275618,-0.79793495,-1.1185225,-1.1383717,-0.7112483,0.15451261,-0.8901404,-1.0789291,0.074476995,0.21416764,-0.45501545,837.295,830.7151,814.26526,819.2002
2016-05-10 18:18:51,-0.0807893,-0.9308691,-1.0203284,-0.18674096,-0.4755327,-0.94586354,-0.9722662,-0.3698415,0.19588745,-0.7271061,-0.6196546,0.028766667,-0.8336335,-0.95088404,-1.0978715,-0.77724755,-0.11048343,-0.96449274,-1.0753845,-0.16373488,0.00541239,-0.39235952,832.36005,830.7151,812.6203,815.9103
2016-05-10 18:18:52,-0.17837442,-0.7869605,-1.0402033,-0.12108053,-0.36287442,-0.97714657,-0.8959187,-0.43980113,-0.10146027,-0.7974645,-0.6049449,-0.61258495,-0.8310986,-1.0376004,-1.0481998,-0.8042804,-0.32860553,-0.8777979,-1.0854952,-0.35036,-0.23240374,-0.49898615,829.07007,820.8452,809.3303,809.3303
2016-05-10 18:18:53,0.54504395,-0.680625,-0.8302125,0.47518554,-0.29628554,-1.0234071,-1.062647,-0.13484249,-0.028869057,-0.68540376,-0.523589,0.0147685185,-0.8058104,-1.1101854,-1.038476,-0.7839044,-0.0026079523,-1.0282043,-0.68447936,0.0179476,0.029240794,-0.43673843,852.0998,827.4251,810.9753,815.9103
2016-05-10 18:18:54,0.5309164,-0.78408027,-0.7347299,0.46170166,-0.28721607,-0.9188759,-0.9065247,-0.23992573,0.5943453,-1.087534,-0.66285735,-4.392947E-4,-0.9388289,-1.1076616,-1.259535,-0.8714388,0.014138445,-0.9653111,-0.6931816,-0.040831115,0.3632408,-0.63036853,835.65,822.4902,806.04034,814.26526
2016-05-10 18:18:56,-0.23451358,-1.0176228,-0.79541856,-0.15236141,-0.40320963,-0.938776,-0.8180516,-0.38872153,0.41819945,-0.76131904,-0.56306195,0.51179135,-0.7578437,-1.0274682,-1.0826331,-0.77961767,-0.20897524,-0.5146727,-0.6749549,-0.35187775,0.2892652,-0.69182664,832.36005,829.07007,809.3303,797.8155
2016-05-10 18:18:57,-0.19448745,-0.9069891,-0.8425626,0.20734443,-0.35038963,-0.83201724,-0.853443,-0.33508307,0.45751667,-0.3245004,-0.38560405,0.53200305,-0.8950449,-0.98425865,-1.0340997,-0.82953143,-0.077504665,-0.5983149,-0.92521304,-0.06967928,0.070527606,-0.79436463,842.2299,822.4902,804.3954,822.4902
2016-05-10 18:18:58,0.057383083,-0.8534513,-1.120148,0.15795317,-0.24037528,-0.72471744,-0.80190766,-0.3356083,0.18830606,-1.0622624,-0.31986424,0.22117026,-0.7720294,-0.8321117,-0.74148923,-0.695388,-0.3829485,-1.097913,-1.1728785,-0.47022158,0.09099028,-0.8048929,842.2299,822.4902,814.26526,820.8452
2016-05-10 18:18:59,-0.016183563,-0.9185106,-1.0534102,-0.22071345,-0.11946829,-0.54253113,-0.6098085,-0.2991269,0.11166769,-0.7592582,-0.6174784,-0.07560539,-0.66878074,-0.68300897,-0.59400827,-0.710526,-0.34910467,-0.9077512,-1.0987389,-0.5901201,-0.08403869,-0.4716355,832.36005,835.65,822.4902,809.3303
2016-05-10 18:19:00,-0.199391,-0.93179363,-0.8154116,-0.16774258,-0.014545341,-0.58136266,-0.6847258,-0.3164219,0.41926417,-0.7230963,-0.5014878,0.21275486,-0.80745864,-0.8396942,-0.8144308,-0.7894224,-0.36802104,-0.89532363,-1.0952166,-0.49693796,-0.35674682,-0.34766716,858.67975,834.005,812.6203,820.8452
2016-05-10 18:19:01,-0.14069286,-0.8659115,-0.8811094,-0.17038219,-0.2854742,-0.84819907,-0.752018,-0.36231884,0.50253606,-1.0294379,-0.56611603,0.42762136,-0.9860797,-0.9440408,-1.0694642,-0.7213926,-0.2080109,-1.0743253,-0.7790633,-0.4332066,-0.64110047,-0.579883,847.16486,825.78015,815.9103,834.005
2016-05-10 18:19:02,-0.20987895,-1.0102686,-0.96056604,0.033268224,-0.33617386,-0.97311354,-0.7912869,-0.3215385,-0.051983424,-0.9548809,-0.94367516,0.67200404,-0.8486572,-1.1653092,-1.1386191,-0.8864988,-0.05256288,-0.83931875,-0.830404,0.2180451,-0.77884436,-0.8641357,837.295,832.36005,812.6203,814.26526
2016-05-10 18:19:03,-0.370798,-1.1194623,-0.9205853,-0.42998236,-0.40231836,-0.93099266,-0.9967921,-0.55644196,0.16052368,-0.9282516,-1.0249478,0.020011295,-0.9280224,-1.0067128,-1.204225,-0.9155687,-0.25161833,-1.0739793,-1.3465189,-0.48636976,-1.0,-1.0,827.4251,819.2002,817.55524,819.2002
2016-05-10 18:19:04,-0.087411135,-0.46118316,-0.38959903,0.5651371,-0.31205243,-0.842451,-0.83196646,-0.033298235,0.13006668,-0.47163793,-0.35054606,0.12936075,-0.8817445,-0.93749356,-1.037063,-0.9625456,-0.3973865,-0.93578124,-0.97405744,-0.1504624,-0.81159854,-1.0,843.87494,829.07007,812.6203,829.07007
2016-05-10 18:19:05,-0.11005375,-0.48632577,-0.37974507,0.5062243,-0.33550635,-0.7703794,-0.97547936,-0.14836405,0.01774739,-0.35501343,-0.17101766,0.75498384,-0.88201725,-1.0691104,-0.9246293,-0.83753055,-0.30485344,-0.75480556,-0.8274765,-0.031255234,-0.57002187,-1.0,842.2299,822.4902,806.04034,815.9103
2016-05-10 18:19:06,-0.22031142,-0.71415174,-0.54453456,-0.026427837,-0.3384555,-0.9075881,-0.96063215,-0.36789042,0.33883166,-0.51533824,0.1045433,0.42529395,-0.83176035,-0.89910096,-1.0248939,-0.7346946,-0.38259348,-0.8053391,-0.6577099,-0.2989068,-0.75645185,-0.9380559,842.2299,824.13513,810.9753,812.6203
2016-05-10 18:19:07,0.006934634,-1.0707439,-0.77910775,0.09728431,-0.16656034,-0.9231263,-0.880929,-0.26813468,-0.065636136,-1.1833559,-0.70274776,-0.03081702,-0.84571165,-0.88381153,-1.1005235,-0.6965646,-0.21177207,-1.1310632,-1.0176047,-0.31363887,-0.7774103,-0.6908019,843.87494,814.26526,799.46045,815.9103
2016-05-10 18:19:08,-0.20046183,-1.1124016,-0.8583944,0.10188318,-0.1419386,-0.3946089,-0.47993836,-0.22595361,-0.0017546194,-0.9936564,-0.3892727,-0.13262565,-0.75178754,-0.8761084,-0.63382685,-0.61704755,-0.14874564,-0.8964125,-0.7282648,-0.3009415,-0.84374106,-0.41129938,824.13513,819.2002,837.295,810.9753
2016-05-10 18:19:09,0.049617507,-0.9366485,-0.46126783,-0.058381513,-0.19991961,-0.36218515,-0.36956918,-0.17828771,0.19464824,-0.94051987,0.15142319,-0.005857094,-0.8147655,-0.7983466,-0.7521797,-0.77613914,-0.32520452,-0.5259536,-0.1303924,-0.3968019,-0.8870597,-0.15801604,837.295,819.2002,815.9103,820.8452
2016-05-10 18:19:10,-0.019162742,-0.7941588,-0.5172752,-0.21875328,-0.054245356,-0.747797,-0.8757182,-0.24106178,-0.030200114,-0.9137784,-0.32596204,-0.08530264,-0.9208408,-0.8864594,-1.083762,-0.67029303,-0.22249092,-0.7941122,-0.54543453,-0.26492816,-0.93047965,-0.15801604,847.16486,824.13513,810.9753,822.4902
2016-05-10 18:19:11,-0.3070857,-0.78998613,-0.80057067,-0.38045645,-0.14320822,-0.8195583,-0.88817835,-0.36437494,-0.30173922,-0.6195482,-0.7453182,-0.3042288,-0.9158038,-0.9356135,-1.0086182,-0.70773184,-0.018662835,-0.85624593,-0.85215116,-0.059380587,-1.0,-0.2448958,830.7151,822.4902,814.26526,799.46045
2016-05-10 18:19:12,-0.23107079,-0.8420521,-0.9605102,-0.34369373,-0.5699953,-0.8473109,-0.9120812,-0.36985463,0.12270084,-0.52442944,-0.61888933,-0.16937114,-0.9752845,-0.9560384,-1.0664973,-0.65609425,-0.12348467,-0.87832844,-0.9599621,-0.17962469,-1.0,-0.26517436,840.58496,824.13513,810.9753,810.9753
2016-05-10 18:19:13,-0.049015276,-0.8211038,-0.9787979,-0.13552588,-0.40008935,-0.6508697,-0.394155,-0.38526517,0.27281845,-0.80755854,-0.4000233,0.07571983,-0.5255852,-0.7951565,-0.62859726,-0.56078327,-0.30141726,-0.9668248,-0.8887536,-0.15670307,-1.0,-0.014334181,842.2299,829.07007,812.6203,815.9103
2016-05-10 18:19:14,-0.11596759,-1.1158237,-0.73886883,-0.16502358,-0.20332865,-0.6387502,-0.33260384,-0.4136848,-0.0669283,-0.6859942,-0.33311573,-0.40770337,-0.58932215,-0.9353899,-0.7602476,-0.52661914,-0.27443096,-1.008099,-0.738993,-0.19401188,-1.0,0.31966582,843.87494,827.4251,809.3303,822.4902
2016-05-10 18:19:15,-0.34672984,-1.0691713,-0.94704354,-0.5177188,-0.39387974,-0.99284,-0.94366026,-0.3974411,-0.19986136,-0.8219298,-0.96688753,-0.34130648,-0.9562313,-1.1343242,-1.2553408,-0.9228599,-0.23409027,-1.1670594,-0.97474474,-0.36994216,-1.0,0.33688107,843.87494,824.13513,809.3303,810.9753
2016-05-10 18:19:16,-0.057813335,-0.8769946,-1.2685971,-0.047433503,-0.13940379,-0.8514564,-1.035952,-0.14451443,-0.053150848,-0.90351486,-0.73884594,-0.12386242,-1.0197138,-1.0461222,-1.2010543,-0.948788,-0.37599334,-1.1274359,-1.3873233,-0.22737534,-1.0,0.0028810615,840.58496,825.78015,815.9103,820.8452
2016-05-10 18:19:17,-0.08946952,-0.7464723,-0.96806496,-0.2757744,-0.2589688,-0.81111425,-0.93112314,-0.40031084,-0.17494756,-0.8209136,-0.26011,0.035260964,-0.8864764,-1.0124334,-1.0107944,-0.91562605,-0.30633375,-0.92675126,-1.074181,-0.3995648,-0.8865589,-0.31739876,847.16486,822.4902,812.6203,820.8452
2016-05-10 18:19:18,-0.18185046,-0.77472854,-0.99110097,-0.53361297,-0.23499645,-0.8850503,-1.0058516,-0.36423886,-0.48772046,-0.9086549,-0.59205765,-0.30099973,-0.85340285,-1.102756,-0.9581538,-0.8486587,-0.24619861,-0.85635996,-0.8170204,-0.44263607,-1.0,-0.54269695,848.8099,822.4902,809.3303,815.9103
2016-05-10 18:19:19,-0.17066526,-0.7840813,-1.0412496,-0.25058284,-0.35918543,-0.8329099,-1.1163379,-0.3959429,-0.47143897,-0.9854955,-0.8171017,-0.28816602,-0.9400317,-0.9447274,-1.0669247,-0.8701323,-0.23097806,-1.0162154,-0.9911436,-0.10433955,-1.0,-0.82099015,837.295,824.13513,812.6203,810.9753
2016-05-10 18:19:20,-0.113477215,-0.6307464,-0.6401259,-0.16358916,-0.366453,-0.885211,-1.0020498,-0.2636213,-0.20963874,-0.49281728,-0.82553643,-0.120306194,-0.95820975,-0.89854777,-0.93477184,-0.7377163,-0.5526631,-0.8714461,-0.7771509,-0.060977045,-1.0,-1.0,832.36005,825.78015,806.04034,809.3303
2016-05-10 18:19:21,-0.28008428,-0.7467203,-0.77009827,-0.23872973,-0.4204616,-1.0023023,-1.0125091,-0.44625032,-0.20504977,-0.72728556,-1.2706645,-0.17600453,-0.8721924,-1.0466553,-1.0121342,-0.7401507,-0.4116864,-1.0444239,-1.0401152,-0.278019,-1.0,-1.0,825.78015,824.13513,809.3303,799.46045
2016-05-10 18:19:22,-0.30583614,-1.035483,-0.9189369,-0.39323536,-0.43387634,-0.9926324,-1.0150323,-0.37775066,0.03959497,-1.074526,-1.2741749,-0.2155862,-0.781193,-0.7621842,-0.96104187,-0.761806,-0.41681597,-1.2739738,-1.3943975,-0.76961654,-1.0,-0.9366121,835.65,820.8452,809.3303,801.1054
2016-05-10 18:19:23,-0.37451217,-1.1340424,-0.9229958,-0.3820951,-0.5014383,-0.9918309,-0.9695909,-0.49477425,0.07446379,-1.1678907,-0.99481386,-0.27612478,-0.8844682,-0.7403156,-0.9689962,-0.9366083,-0.29048842,-1.2117718,-1.21672,-0.5794062,-1.0,-1.0,845.5199,827.4251,807.68536,802.7504
2016-05-10 18:19:24,-0.3555475,-1.1767567,-1.0647088,-0.32383606,-0.45676473,-0.9318302,-0.92332137,-0.41830394,-0.23272324,-1.0924803,-0.7888429,0.032258436,-0.8813243,-0.9308408,-0.93920404,-1.0307648,-0.1570826,-1.1068832,-1.346001,-0.19347811,-1.0,-1.0,835.65,829.07007,807.68536,812.6203
2016-05-10 18:19:25,-0.37759542,-0.8658267,-0.61223686,-0.35223186,-0.32683405,-0.97238,-0.8959413,-0.55410147,0.031383377,-0.55058885,-0.17511249,0.14231934,-0.879696,-1.000211,-1.0569819,-0.96323097,-0.23063613,-0.86750674,-1.0313025,-0.19094548,-1.0,-1.0,840.58496,829.07007,809.3303,797.8155
2016-05-10 18:19:26,0.23397872,-0.67943317,-0.680706,-0.2801163,0.047311414,-0.5873045,-0.7192825,-0.23654017,0.36979318,-0.36227673,-0.03757425,0.18284753,-0.94108576,-0.9176949,-1.0212915,-0.8339151,-0.058463875,-0.65531486,-0.7015077,0.05909657,-0.9372962,-1.0,840.58496,824.13513,814.26526,814.26526
2016-05-10 18:19:27,0.23140858,-0.59742516,-0.74292994,0.12956388,-0.020901725,-0.5787724,-0.70216584,0.06485715,0.030234188,-0.23874314,-0.5857493,0.19509533,-0.7414721,-0.77501667,-1.0930688,-0.7515983,-0.00890782,-0.6152219,-0.721658,0.059714213,-0.6320728,-0.84172595,838.94,815.9103,809.3303,817.55524
2016-05-10 18:19:28,-0.055243935,-0.64423853,-0.76060295,0.09698665,-0.33811796,-0.9247572,-0.89080656,-0.20204243,0.04453488,-0.28642446,-0.9449113,0.009016321,-0.8293151,-0.6282908,-1.0978224,-0.818239,0.043636054,-0.80152625,-0.64507145,0.028132774,-0.33620945,-0.59777325,845.5199,824.13513,814.26526,807.68536
2016-05-10 18:19:30,-0.06109919,-0.8677938,-1.1468902,-0.21290185,-0.3346942,-0.9519111,-0.8538937,-0.49963513,-0.24633972,-0.56236273,-1.0538474,0.06232464,-0.84874237,-0.8307724,-1.0446309,-0.8230724,-0.32529393,-1.2794919,-1.1129539,-0.19920744,-0.44052225,-0.63853425,840.58496,825.78015,810.9753,809.3303
2016-05-10 18:19:31,0.13808116,-0.6990963,-0.9251224,-0.09945929,-0.31012204,-0.8260536,-0.9565005,-0.36535403,-0.5754056,-0.5689818,-0.8514748,0.2864584,-0.8601205,-0.85642296,-0.99305576,-0.7378914,-0.31518823,-1.1863264,-0.9577706,-0.24953549,-0.18633983,-0.597706,834.005,825.78015,810.9753,809.3303
2016-05-10 18:19:32,-0.02194654,-0.8640881,-0.88828766,-0.27337563,-0.41593108,-0.84818995,-0.951053,-0.30852953,0.21422003,-1.1153119,-0.73449993,0.16719025,-0.82724804,-0.70616394,-0.9656831,-0.8277464,-0.057056703,-1.1697218,-0.87211406,-0.038076144,0.04053383,-0.5344866,829.07007,825.78015,815.9103,830.7151
2016-05-10 18:19:33,-0.14626737,-1.0147175,-0.7850668,-0.25945494,-0.2867294,-0.86011463,-0.798972,-0.16322537,0.6296913,-0.8771296,-0.8294497,0.65799767,-0.84717864,-0.705332,-0.99625003,-0.8819773,-0.040934887,-1.005241,-0.92912346,0.2118395,-0.20975006,-0.6666268,842.2299,829.07007,812.6203,817.55524
2016-05-10 18:19:34,-0.3682081,-0.92456627,-0.56810653,-0.39412743,-0.19416018,-0.7619718,-0.8203832,-0.35715282,-0.021541243,-0.7252334,-0.66606665,0.13140382,-0.63763046,-0.9452775,-0.94857305,-0.73846364,-0.14066446,-0.8840831,-0.66655225,-0.097401164,-0.54766583,-0.5330268,830.7151,834.005,799.46045,804.3954
2016-05-10 18:19:35,-0.3243109,-1.0291579,-0.55951357,-0.35289642,-0.25992495,-0.73555857,-0.73792315,-0.41593307,-0.41235876,-0.6148084,-0.3699914,0.16291301,-0.75291103,-0.8508012,-0.8494293,-0.6612118,-0.35772908,-0.9534272,-0.8184637,-0.24754395,-0.8341351,-0.2397748,845.5199,827.4251,820.8452,827.4251
2016-05-10 18:19:36,-0.21928005,-0.8260335,-0.7954274,-0.28703052,-0.3212441,-0.6337045,-0.6338443,-0.3471411,-0.29188773,-0.90782464,-0.19316359,0.1784181,-0.8183897,-0.7862463,-0.8960682,-0.67906237,-0.33172762,-0.9519672,-1.3699821,-0.32638466,-1.0,-0.09596217,850.45483,825.78015,814.26526,824.13513
2016-05-10 18:19:37,-0.2681812,-0.7173218,-0.80031693,-0.14486343,-0.4811311,-0.7208898,-0.8397248,-0.48439765,-0.23736872,-1.2365158,-1.0327743,-0.16936249,-0.71948415,-1.0405089,-1.0999861,-0.66642874,-0.27059248,-1.1574802,-1.2667729,-0.35145897,-1.0,0.1999278,834.005,822.4902,810.9753,812.6203
2016-05-10 18:19:38,-0.13143967,-1.0700043,-1.0069935,-0.1773572,-0.45985126,-1.1319051,-0.9583204,-0.54758877,-0.27220026,-1.1767427,-1.2353477,-0.08870383,-0.7647815,-1.0631028,-1.1437656,-0.79418623,-0.35289046,-1.0918694,-1.0801011,-0.38614225,-1.0,0.49322325,837.295,822.4902,819.2002,824.13513
2016-05-10 18:19:39,-0.19745602,-0.7111001,-0.8855225,-0.21484138,-0.33646554,-0.97669536,-0.76264286,-0.32441142,0.017862681,-1.0268089,-0.9194634,0.020919567,-0.81240875,-0.9359395,-0.9283671,-0.78518796,-0.27880928,-1.056571,-0.7570428,-0.2018247,-1.0,0.60340023,835.65,819.2002,810.9753,814.26526
2016-05-10 18:19:40,-0.15820129,-0.6129287,-0.61293644,0.1435438,-0.33835363,-0.76277626,-0.8177206,-0.2763493,0.059513133,-0.87414366,-0.8840204,-0.16431035,-0.9099694,-0.8487208,-1.0321546,-0.89147574,-0.10388975,-0.8211677,-0.90980244,-0.3720402,-0.90951663,0.4407998,848.8099,822.4902,819.2002,832.36005
2016-05-10 18:19:41,-0.037254475,-0.5928644,-0.6162763,0.6151914,-0.42144185,-0.76737815,-0.73840994,-0.1450182,0.34261,-0.5790133,-0.3804884,0.22803542,-0.90538275,-0.88434565,-0.8804954,-0.749525,-0.0717685,-0.63662744,-0.95978224,-0.4116574,-0.63297254,0.2874027,840.58496,829.07007,817.55524,806.04034
2016-05-10 18:19:42,-0.23336194,-0.9474558,-0.6981548,0.5336546,-0.45457435,-0.7123015,-0.7006975,-0.47755048,0.41383374,-0.50929534,-0.45484218,0.13395241,-0.6853596,-0.892716,-0.93894964,-0.6518846,-0.2442585,-0.9559523,-0.8548665,-0.41260514,-0.36976463,0.496469,843.87494,825.78015,814.26526,815.9103
2016-05-10 18:19:43,-0.011233593,-0.747778,-0.78813964,-0.3836758,-0.4046084,-0.71099675,-0.676965,-0.53093964,0.03123078,-0.51913387,-0.3755474,-0.11772179,-0.661631,-0.868784,-1.0815959,-0.65517443,-0.18254946,-0.894107,-0.7190998,-0.5774081,-0.58033776,0.863869,834.005,822.4902,809.3303,809.3303
2016-05-10 18:19:44,-0.0328096,-0.794612,-0.8536922,-0.3585028,-0.25646895,-0.72043306,-0.6773035,-0.3889177,0.24969183,-0.48319617,-0.3458807,0.27723846,-0.7501408,-0.8453039,-1.0700439,-0.7559747,0.01306125,-0.57456064,-0.83153045,-0.38630092,-0.58033776,1.0,848.8099,827.4251,810.9753,819.2002
2016-05-10 18:19:45,-0.34543836,-1.0179064,-1.086313,-0.39016128,-0.4148409,-0.7992579,-0.83269215,-0.43031842,-0.603746,-1.1607171,-1.0074134,-0.269883,-0.9843858,-0.87362087,-0.93574035,-0.9491243,-0.48268008,-0.94788784,-1.2845838,-0.6023179,-0.8882199,0.71540415,840.58496,822.4902,807.68536,812.6203
2016-05-10 18:19:46,-0.28923357,-0.8261481,-1.187595,-0.4806853,-0.36647815,-0.82092434,-0.78390175,-0.42332867,0.14458553,-0.99799603,-1.0355637,0.038788274,-1.0004623,-1.0045904,-0.9537531,-0.8644436,-0.16205303,-1.1911045,-1.362975,-0.21111076,-1.0,0.451606,843.87494,822.4902,812.6203,817.55524
2016-05-10 18:19:47,-0.24847147,-0.8467357,-1.2665539,-0.10127131,-0.2890586,-0.75776446,-0.70287025,-0.4233149,0.09165466,-0.81450975,-0.725426,-0.0016230769,-0.7936997,-0.8449808,-0.93145883,-0.64922744,-0.18136843,-0.9768299,-1.523172,-0.49232438,-1.0,0.51919705,837.295,835.65,814.26526,807.68536
2016-05-10 18:19:48,-0.264811,-0.7658489,-0.959927,-0.14999145,-0.26748127,-0.8035338,-0.70713276,-0.3587372,0.057047207,-1.0448458,-0.6268509,0.07501955,-0.72844857,-0.8139874,-1.1846462,-0.7468782,-0.39565623,-1.1070178,-1.137317,-0.38615024,-1.0,0.8309542,815.9103,832.36005,810.9753,797.8155
2016-05-10 18:19:49,-0.494356,-0.62919825,-0.77253896,-0.24676098,-0.3272869,-0.79453176,-0.7399607,-0.016056517,0.78693545,-0.717046,-0.52133757,0.7853095,-0.7984469,-0.9150197,-1.0382314,-0.79736555,-0.23904273,-0.73521334,-0.79860353,-0.017055191,-1.0,0.95962983,838.94,829.07007,809.3303,810.9753
2016-05-10 18:19:50,0.03507538,-0.49307272,-0.45597735,-0.13516997,-0.18440856,-0.6952246,-0.7037863,-0.24948122,0.61222553,-0.6931931,-0.3493858,0.42110363,-0.72919446,-0.8359533,-0.9299203,-0.6400868,-0.041423142,-0.5504685,-0.66116,-0.23480277,-0.78665775,1.0,840.58496,825.78015,809.3303,815.9103
2016-05-10 18:19:51,-0.021755831,-0.6249201,-0.51087075,0.253169,-0.3135663,-0.80296606,-0.6790613,-0.17254245,-0.13264284,-1.099225,-0.4517388,-0.22889733,-0.86477566,-0.7719991,-0.7828094,-0.73538697,-0.44777432,-0.92888165,-1.0485064,-0.45728976,-0.4958177,1.0,848.8099,838.94,810.9753,807.68536
2016-05-10 18:19:52,0.31960002,-0.5532104,-0.62223905,0.31260574,-0.0580572,-0.5511234,-0.59928864,-0.008979659,0.39460337,-0.53020847,-0.4470675,0.32447356,-0.8105712,-0.65519553,-0.86059076,-0.66368854,-0.25725386,-0.6738775,-0.73116475,-0.2640043,-0.17768268,1.0,838.94,827.4251,822.4902,814.26526
2016-05-10 18:19:54,0.3208475,-0.6779203,-0.7143425,0.31420362,-0.29413256,-0.59662825,-0.60438883,-0.4012359,0.24640216,-0.5814044,-0.16590637,0.28615117,-0.69465035,-0.69231266,-0.8827148,-0.6865781,-0.023412483,-0.8704999,-0.89932215,-0.19356601,0.18854125,1.0,852.0998,819.2002,812.6203,825.78015
2016-05-10 18:19:55,0.15201908,-0.72775346,-0.79854244,0.10308415,-0.35249016,-0.50580984,-0.44381726,-0.32112753,-0.20355153,-0.6360384,-0.10774208,-0.14570351,-0.7222882,-0.6462291,-0.9793544,-0.77914405,-0.1585941,-0.85240084,-0.74787116,-0.2339285,0.48958907,1.0,838.94,827.4251,817.55524,824.13513
2016-05-10 18:19:56,-0.04340884,-0.8831502,-0.9915101,-0.079503395,-0.13405806,-0.53603464,-0.5089417,-0.16353603,-0.10449579,-0.42137456,0.088058904,0.16059366,-0.7766913,-0.8839856,-0.9563024,-0.75684816,-0.31244707,-0.68246907,-0.35602257,-0.51576734,0.67718077,1.0,843.87494,822.4902,814.26526,819.2002
2016-05-10 18:19:57,-0.32901615,-1.0919211,-0.9422607,-0.45079246,-0.32054666,-0.72162944,-0.97011054,-0.46407717,-0.19223791,-0.8193937,-0.885964,0.032969773,-0.93869036,-0.9446206,-1.1282239,-0.97972476,-0.37091324,-1.0048121,-1.0535947,-0.41399384,0.36849257,0.8529014,843.87494,825.78015,809.3303,820.8452
2016-05-10 18:19:58,-0.1990419,-0.77094656,-0.4644429,-0.28203058,-0.2126572,-0.733949,-0.7208255,-0.23428206,0.14322096,-0.3599921,-0.6853482,-0.20000224,-0.6262545,-0.86072165,-1.2430917,-0.9031305,-0.02134231,-0.6977163,-0.66415274,-0.25885165,0.08063462,0.75061387,834.005,819.2002,817.55524,822.4902
2016-05-10 18:19:59,-0.40095475,-0.877218,-0.5337495,-0.34127745,-0.30116788,-0.74532104,-0.7028838,-0.079766385,0.33134443,-0.4040874,-0.71441925,0.027000828,-0.8474204,-0.9179724,-1.1606073,-0.8718001,0.20412502,-0.63111544,-0.7290273,-0.043586336,-0.22722057,0.6824779,842.2299,827.4251,814.26526,817.55524
2016-05-10 18:20:00,-0.34035167,-0.72399557,-0.7308517,-0.73519844,-0.2509858,-0.6776352,-0.8992365,-0.40880126,-0.012518047,-0.82054895,-0.9074504,-0.32378364,-0.90058106,-0.92880255,-1.1944945,-0.86493504,-0.18283124,-0.9174139,-1.1464034,-0.46152622,-0.59128124,0.3584979,840.58496,830.7151,812.6203,814.26526
2016-05-10 18:20:01,-0.41123888,-0.6382324,-0.48369542,-0.7038657,-0.35390878,-0.6619985,-0.8439322,-0.5225794,-0.31317946,-0.49432835,-0.7791784,-0.23642722,-0.8364871,-0.8595283,-1.0687721,-0.7837021,-0.44157502,-0.7203701,-0.82741636,-0.22163981,-0.8918812,0.31106988,845.5199,829.07007,812.6203,815.9103
2016-05-10 18:20:02,-0.44272557,-0.8450224,-0.6958615,-0.59774524,-0.417462,-0.8550871,-0.7975909,-0.3509965,-0.2547191,-0.5052856,-1.0005074,-0.43966362,-0.8320029,-0.76932114,-1.1079165,-0.9195188,-0.449084,-0.71807677,-0.75078356,-0.4903255,-1.0,0.19069071,847.16486,834.005,812.6203,820.8452
2016-05-10 18:20:03,-0.28457358,-1.0126119,-1.0521766,-0.45270848,-0.36276603,-0.84238994,-0.7905234,-0.30691975,-0.12244182,-0.676278,-0.61083686,-0.06955837,-0.78418016,-0.96139705,-1.2837204,-0.9423847,-0.7265134,-1.1694521,-0.9440899,-0.58312243,-1.0,-0.10444202,852.0998,832.36005,809.3303,810.9753
2016-05-10 18:20:04,-0.06977856,-0.6697858,-0.9417829,-0.1026016,-0.26178315,-0.66638005,-0.8091177,-0.46788973,-0.050068464,-0.22055931,-0.20646824,-0.19835167,-0.6592536,-0.99677277,-1.2406452,-0.8501097,-0.59804523,-1.0389106,-0.8215557,-0.57990986,-1.0,-0.037144996,842.2299,827.4251,810.9753,817.55524
2016-05-10 18:20:05,0.02807381,-0.7270197,-0.89241004,-0.15287657,-0.34125826,-0.72439325,-0.6782722,-0.4796979,-0.099723004,-0.630608,-0.70979017,-0.23106171,-0.8959413,-0.9452055,-1.063711,-0.8135667,-0.27014458,-1.0394962,-0.76922846,-0.548571,-0.9574078,-0.038890105,829.07007,830.7151,809.3303,810.9753
2016-05-10 18:20:06,0.03860492,-0.7735784,-0.66629,-0.12882425,-0.25298694,-0.86210257,-0.795058,-0.4638496,0.09512365,-0.5478243,-0.53587514,0.046116624,-0.90656894,-0.93768215,-1.0767896,-0.8924731,-0.19881624,-0.867294,-0.6088275,-0.48690978,-0.7111305,-0.35217807,848.8099,825.78015,812.6203,804.3954
2016-05-10 18:20:07,0.19621913,-0.36979246,-0.52977645,0.5276443,-0.3176959,-0.74768215,-0.71119875,-0.1569101,0.09964331,-0.019477649,-0.31786215,-0.40359357,-0.89367294,-0.86544836,-1.1217576,-0.9556824,-0.27581033,-0.57630306,-0.558498,-0.09891436,-0.36242583,-0.68763703,847.16486,830.7151,812.6203,829.07007
2016-05-10 18:20:08,0.3421499,-0.3347233,-0.43284833,0.64542735,-0.052464817,-0.6121478,-0.780201,-0.07569398,0.27236906,-0.2682394,-0.49799314,0.06953304,-0.7615612,-1.0091251,-1.0820032,-0.7798508,-0.07888532,-0.73160714,-0.75168,-0.08936167,-0.028425833,-0.8142946,835.65,832.36005,809.3303,810.9753
2016-05-10 18:20:09,0.19267888,-0.44118518,-0.2803801,0.5882168,-0.16938856,-0.65536106,-0.8658903,-0.16328302,0.5439069,-0.5714265,-0.7049449,0.49641427,-0.79551023,-0.96666586,-1.1777217,-0.8134764,0.12491348,-0.61129546,-0.68606377,-0.04018742,0.3000075,-0.6038576,847.16486,827.4251,810.9753,824.13513
2016-05-10 18:20:10,3.7386717E-4,-0.74990606,-0.47799453,-0.22871146,-0.1778847,-0.58618885,-0.6171093,-0.22145207,-0.0074467594,-0.88400203,-0.05511703,0.06055066,-0.6901107,-0.73390985,-0.8089132,-0.77482134,-0.15948634,-0.91967046,-0.87730145,-0.37342283,0.39458516,-0.37992698,843.87494,832.36005,815.9103,827.4251
2016-05-10 18:20:11,-0.17434344,-0.68779254,-0.81737006,-0.44781044,-0.15720408,-0.6813807,-0.83921087,-0.25092977,0.033597585,-0.7635837,-0.19061148,-0.056831002,-0.7528208,-0.9811195,-1.0801901,-0.7849071,-0.21824875,-0.923733,-0.8361409,-0.40655792,0.16707048,-0.090573326,843.87494,830.7151,812.6203,824.13513
2016-05-10 18:20:12,-0.42324162,-0.7238072,-0.9716844,-0.25238678,-0.3141629,-0.84938467,-0.9744901,-0.3589465,-0.23417978,-0.82234067,-0.6467314,0.08788387,-0.81722015,-0.8695324,-1.0671146,-0.8214532,-0.5096599,-0.9055533,-0.8896509,-0.31414542,-0.12094838,0.022254447,822.4902,820.8452,815.9103,802.7504
2016-05-10 18:20:13,-0.28048804,-0.87887806,-0.7634027,-0.39623213,-0.3011857,-0.75634116,-0.9401965,-0.39127177,-0.32315946,-0.6040918,-0.708806,-0.26087373,-0.7885604,-0.6484322,-1.0198632,-0.81665945,-0.3904917,-0.84355015,-0.7002123,-0.45961347,-0.4182391,0.022254447,837.295,829.07007,809.3303,814.26526
2016-05-10 18:20:14,-0.26461744,-0.8587772,-0.8145722,-0.41589254,-0.31953433,-0.63572305,-0.9626465,-0.47470933,0.5363186,-0.4359891,-1.007327,0.5620245,-0.84247893,-0.75819194,-1.1174928,-0.9237496,-0.07965975,-0.8877695,-0.77202004,-0.14790536,-0.6975887,-0.1205179,835.65,825.78015,815.9103,822.4902
2016-05-10 18:20:15,-0.17053188,-0.9070631,-0.98016953,-0.3744708,-0.303878,-0.71275014,-0.9015177,-0.43973148,0.30536324,-0.64650327,-0.9053679,0.3176799,-0.7734895,-0.68987566,-1.1536721,-0.8498723,-0.20173453,-0.76022965,-0.94135785,-0.07861439,-0.9946352,-0.31332698,847.16486,832.36005,809.3303,817.55524
2016-05-10 18:20:16,-0.14619625,-1.0291816,-0.83649874,-0.24362083,-0.37459764,-0.7433985,-0.79133487,-0.45158875,0.12362477,-0.58594286,-0.1401234,0.111178786,-0.7638399,-0.69349414,-0.90057766,-0.822363,-0.3178939,-0.7737936,-0.836475,-0.37376553,-1.0,-0.22958496,848.8099,827.4251,809.3303,822.4902
2016-05-10 18:20:17,-0.17209457,-1.2384424,-0.72452515,-0.30942425,-0.5652582,-0.80982655,-0.7397815,-0.5024238,-0.28274632,-1.0850348,-0.63217944,-0.39092058,-0.8628118,-0.8860133,-0.9315472,-0.85765886,-0.17695977,-1.1244256,-1.1556894,-0.27782238,-1.0,-0.2541965,842.2299,827.4251,814.26526,822.4902
2016-05-10 18:20:18,0.09149021,-0.7159457,-0.92148656,-0.15234782,-0.48733795,-0.774721,-0.8122721,-0.6312826,-0.21040504,-0.81821454,-0.46949768,-0.21396548,-0.94095796,-0.8464043,-1.186275,-0.9746634,-0.45615909,-1.255509,-0.85337466,-0.6152396,-1.0,-0.6014878,842.2299,827.4251,804.3954,820.8452
2016-05-10 18:20:19,0.12864663,-0.7285236,-0.7856072,-0.07369628,-0.34993154,-0.43323144,-0.45425445,-0.49390823,-0.2116018,-0.5954693,-0.024353653,-0.43193084,-0.90119165,-0.66281044,-0.78156173,-0.79885393,-0.4231009,-1.0788587,-0.6790543,-0.422189,-0.81050915,-0.8590726,837.295,820.8452,824.13513,827.4251
2016-05-10 18:20:20,-0.24223702,-0.88196516,-0.5911631,-0.25102055,-0.38432434,-0.4944155,-0.42424017,-0.60703117,0.077010825,-0.6214281,0.046946786,-0.13679026,-0.7258777,-0.7442629,-0.6274056,-0.8427322,-0.37636003,-0.81483865,-0.7431529,-0.38394699,-0.7975087,-0.7158575,848.8099,832.36005,820.8452,824.13513
2016-05-10 18:20:22,-0.15090813,-0.6361812,-0.5050258,-0.061697822,-0.383893,-0.4652673,-0.5416151,-0.39792085,0.33373037,-0.7874207,-0.051434055,0.17031333,-0.7932285,-0.85322654,-0.68520635,-0.7849534,-0.14503005,-0.78060335,-0.33209804,-0.37319842,-0.9894066,-0.54463655,832.36005,832.36005,802.7504,807.68536
2016-05-10 18:20:23,-0.19075505,-0.55293304,-0.5199666,-0.067089655,-0.36299193,-0.63753873,-0.6760396,-0.22310907,0.21796075,-0.9575414,-0.6977189,0.062440697,-0.71311724,-0.9761652,-0.94250214,-0.61208695,-0.24328224,-0.829543,-0.6547771,-0.37256533,-0.9894066,-0.2721952,850.45483,829.07007,809.3303,824.13513
2016-05-10 18:20:24,-0.49319452,-0.6706971,-0.69421643,-0.24688904,-0.35427013,-0.7658768,-0.9728587,-0.23096877,0.1251953,-0.83357954,-0.66653967,-0.073821954,-0.77603984,-1.0423404,-1.146755,-0.79782504,0.1191246,-1.1072508,-0.8524593,0.045921884,-1.0,0.022763673,843.87494,830.7151,810.9753,814.26526
2016-05-10 18:20:25,-0.26588967,-0.7893689,-0.68128204,-0.5683707,-0.63625854,-0.7288786,-0.8801459,-0.64109546,0.43420884,-0.71376145,-0.2592947,0.053005356,-0.84003794,-1.0119,-0.9956419,-0.84822005,-0.060667295,-0.98621774,-0.83735776,-0.1850195,-1.0,-0.08949769,840.58496,820.8452,814.26526,815.9103
2016-05-10 18:20:26,-0.32963583,-0.90971065,-0.955833,-0.37608078,-0.6052647,-0.9499764,-0.90099233,-0.6082451,-0.083723664,-0.87383115,-0.71766067,-0.41977042,-0.9227837,-0.76946056,-1.0972304,-0.8400826,-0.22015029,-1.1348679,-1.0621663,-0.40876728,-1.0,-0.3590581,845.5199,825.78015,814.26526,814.26526
2016-05-10 18:20:27,-0.12796843,-0.8947785,-0.9211119,-0.2873119,-0.49005985,-0.8748567,-0.76015353,-0.40627468,0.008036944,-1.0025597,-0.5267814,-0.13559668,-0.7245637,-0.6969088,-1.0038378,-0.6694187,-0.27777627,-1.0786362,-0.8420107,-0.17889044,-1.0,-0.21229228,838.94,829.07007,812.6203,820.8452
2016-05-10 18:20:28,-0.25810465,-1.1170133,-1.040749,-0.2578056,-0.48098698,-1.0937371,-0.72365934,-0.27203473,-0.15120792,-0.8003909,-0.89811486,-0.18710646,-0.8574411,-0.68663174,-1.1194563,-0.77609795,-0.28645143,-1.1593711,-0.96745944,-0.34191248,-1.0,0.02267455,843.87494,824.13513,815.9103,814.26526
2016-05-10 18:20:29,-0.8843982,-1.3017937,-1.0431731,-0.41091722,-0.3776766,-1.0379882,-0.76092255,-0.17779307,0.5932954,-0.8401226,-0.5869257,0.62779194,-1.0237963,-0.5133367,-1.0622787,-0.9882904,-0.28310484,-1.016713,-0.926431,-0.09093375,-1.0,-0.28800908,835.65,832.36005,810.9753,804.3954
2016-05-10 18:20:30,-0.5145541,-0.99456924,-1.0226824,-0.31082016,0.12466794,-0.81008494,-0.7116239,-0.08721307,0.18872863,-0.5107911,-0.9195515,0.2106973,-0.90732545,-0.56984425,-0.9351431,-0.8395645,-0.6404955,-0.84162116,-1.2276793,-0.3352572,-1.0,-0.60009617,838.94,829.07007,812.6203,819.2002
2016-05-10 18:20:31,-0.26389754,-0.6747492,-0.6403998,-0.61891246,-0.4209868,-0.84478277,-0.87887406,-0.507814,0.08593127,-0.5823725,-0.75141686,-0.14199983,-0.7913705,-0.89397687,-0.95704085,-0.89147735,-0.37572536,-0.8768204,-1.14177,-0.33750752,-1.0,-0.62134814,843.87494,824.13513,809.3303,810.9753
2016-05-10 18:20:32,-0.18285653,-0.7277005,-0.6241493,-0.26323354,-0.39348707,-0.7757697,-0.77688175,0.14064361,0.14837068,-0.8583667,-0.8370821,0.19020297,-0.7820971,-0.918112,-1.118946,-0.7677687,-0.2958529,-0.97353256,-0.9717382,-0.21417812,-1.0,-0.43818808,840.58496,824.13513,807.68536,806.04034
2016-05-10 18:20:33,-0.111815624,-0.85887414,-0.6751318,0.05992942,-0.41540033,-0.93256533,-0.8499549,0.027017135,-0.0068843346,-0.5864545,-0.54723966,0.14024189,-0.83962864,-0.8004002,-0.99518746,-0.6797888,-0.09094234,-0.5496426,-0.42974615,0.1840202,-0.70322084,-0.16749626,838.94,824.13513,806.04034,807.68536
2016-05-10 18:20:34,-0.0911146,-0.91491646,-0.9357204,-0.21351199,-0.26912048,-0.9137383,-0.96866155,-0.4565247,0.08336598,-0.80735177,-0.71131796,0.2184456,-0.7872392,-0.6291004,-0.9732587,-0.8136092,0.04561917,-0.80909985,-0.94378525,-0.056112435,-0.45247194,-0.031527907,837.295,834.005,806.04034,809.3303
2016-05-10 18:20:35,-0.09637591,-0.599371,-1.0266368,-0.35320577,0.036433194,-0.31439763,-0.60779667,-0.18403532,-0.074300535,-0.4849542,-0.5928809,0.0699961,-0.6524121,-0.48302037,-0.9094819,-0.7259152,-0.23333819,-0.75309235,-0.9680688,-0.3316656,-0.45247194,0.21261525,843.87494,829.07007,825.78015,829.07007
2016-05-10 18:20:36,-0.094732255,-0.8856238,-0.84722453,-0.43201965,-0.0914159,-0.4177377,-0.546298,-0.23564579,-0.0032382861,-0.39877215,-0.18281688,0.07467273,-0.68482363,-0.6036192,-0.8724529,-0.6178879,-0.10420608,-0.6340642,-0.99414694,-0.41640648,-0.55704504,0.5765896,848.8099,830.7151,814.26526,817.55524
2016-05-10 18:20:37,-0.25369415,-0.895837,-0.8185775,-0.47884965,-0.31450382,-0.6505356,-0.83281875,-0.49680907,-0.03544865,-0.6113825,-0.5972485,-0.13243729,-0.8263403,-1.00802,-1.1233534,-0.7362555,-0.41679496,-0.78118145,-1.1689049,-0.7646664,-0.7277562,0.8409442,848.8099,835.65,814.26526,819.2002
2016-05-10 18:20:38,-0.08240898,-0.93171173,-0.8808832,-0.21794447,-0.44609874,-0.88114834,-0.7407619,-0.4952446,-0.28164518,-0.84825975,-1.3697634,-0.6864016,-1.0795857,-0.75091565,-1.2002645,-0.8834426,-0.2654454,-1.1416272,-1.3750409,-0.5452932,-0.6704367,0.5458273,840.58496,820.8452,812.6203,814.26526
2016-05-10 18:20:39,-0.078544796,-0.9244658,-1.0453659,-0.26421067,-0.46878088,-1.0382714,-0.7438013,-0.56027853,-0.115628704,-1.0195277,-1.3855131,-0.58776265,-1.0754175,-0.70656866,-1.1682203,-0.87629396,-0.24846262,-1.1472458,-1.347474,-0.66907567,-0.44817394,0.22172303,815.9103,835.65,814.26526,789.5906
2016-05-10 18:20:40,-0.3951623,-0.7342762,-0.568666,-0.28970954,-0.2736624,-0.677847,-0.8347573,-0.4763272,0.67777085,-0.40319028,-0.24542911,0.67261344,-0.81873995,-0.7498825,-0.9398172,-0.8160044,0.040657617,-0.88806427,-0.8736464,-0.16926116,-0.7073415,0.086560205,840.58496,824.13513,819.2002,825.78015
2016-05-10 18:20:41,-0.18708044,-0.60958266,-0.54029506,-0.01634216,-0.3881211,-0.6233781,-0.7647487,-0.42838573,0.24924876,-0.12933403,-0.087587945,0.37340933,-0.7938984,-0.7926577,-0.91502666,-0.84972155,-0.024097897,-0.5146741,-0.5426246,-0.22411406,-0.528105,0.17132536,832.36005,838.94,804.3954,796.1705
2016-05-10 18:20:42,-0.28637037,-0.8521881,-0.81776977,0.097897954,-0.38649285,-0.66031754,-0.7404908,-0.2718157,-0.07196761,-0.24110262,-0.38345972,0.15793093,-0.79677993,-0.87210584,-0.9507114,-0.67144126,-0.2555979,-0.6611534,-0.7549339,-0.19036727,-0.29032338,0.3170953,835.65,822.4902,807.68536,810.9753
2016-05-10 18:20:43,-0.3219976,-0.6032563,-0.70658445,-0.06117435,-0.3239509,-0.60210305,-0.65976715,-0.15357915,0.07368771,-0.1605576,-0.042568773,0.27633494,-0.7344058,-1.0076224,-1.094681,-0.8000879,0.008637274,-0.6447442,-0.9032769,-0.17807324,-0.22843513,0.63356113,830.7151,820.8452,806.04034,812.6203
2016-05-10 18:20:44,-0.13158286,-0.5985197,-0.78757715,-0.29977858,-0.14663716,-0.5579897,-0.7714662,-0.20926277,-0.2707735,-0.4613558,-0.4264347,-0.089794084,-0.7948853,-0.973747,-1.1225,-0.994007,-0.30221677,-0.8232042,-0.98651975,-0.19738942,-0.22843513,0.5696404,835.65,822.4902,806.04034,806.04034
2016-05-10 18:20:45,-0.2341598,-1.0791663,-0.9932945,-0.19862264,-0.2596909,-0.71882325,-0.92607063,-0.30501124,-0.10378398,-1.0514174,-1.0287541,-0.32047847,-0.7715081,-0.7613386,-1.1191022,-0.8677669,-0.59070075,-1.0528423,-1.2683192,-0.1586624,-0.2697353,0.5276025,840.58496,830.7151,812.6203,822.4902
2016-05-10 18:20:46,-0.17793103,-0.9539149,-0.85248554,-0.02884025,-0.013511493,-0.6549121,-0.88947105,-0.40154728,-0.009146582,-0.7417021,-0.8168559,-0.12184196,-0.8820314,-0.9419093,-0.9798124,-0.8031611,-0.17233855,-0.7854581,-0.9737452,-0.17702095,-0.03413422,0.6331075,853.7448,829.07007,810.9753,825.78015
2016-05-10 18:20:47,-0.09958451,-0.9086968,-0.7405467,-0.16490346,0.20974422,-0.69626844,-0.8596942,-0.05439825,0.56030345,-0.39571995,-0.4851902,0.30285347,-0.852489,-0.8598751,-1.048955,-0.9137331,0.11642583,-0.7868692,-0.9250355,-0.14725706,0.23176605,0.5149999,819.2002,815.9103,809.3303,809.3303
2016-05-10 18:20:48,-0.116012834,-0.8177821,-0.89806896,-0.166124,0.027845528,-0.760864,-0.84876883,0.038626783,0.316372,-0.5700053,-0.81741726,-0.15683672,-0.6993954,-0.81603056,-1.113644,-0.8377844,-0.14849752,-0.87620205,-0.8556614,-0.4814933,0.48030323,0.6544792,834.005,822.4902,807.68536,817.55524
2016-05-10 18:20:49,-0.19007525,-0.739702,-0.7900006,-0.1638976,-0.22391878,-0.84110093,-0.94840205,-0.30764222,0.06654256,-0.7369208,-0.6895242,-0.668405,-0.79172957,-0.95658994,-1.0885845,-0.7698612,-0.41034117,-0.9768325,-0.92006093,-0.5983506,0.30068204,0.8918085,840.58496,820.8452,814.26526,822.4902
2016-05-10 18:20:50,-0.11530951,-0.65652424,-0.6526922,-0.04182787,-0.0916548,-0.677383,-0.8296322,-0.21552344,-0.009782,-0.748634,-0.43674985,-0.06366434,-0.6751775,-0.9478504,-1.0381004,-0.6965103,-0.29728854,-1.0680441,-0.8372983,-0.37917078,0.5970822,1.0,837.295,824.13513,814.26526,819.2002
2016-05-10 18:20:52,-0.11359335,-0.7455078,-0.7333783,-0.3778435,-0.13001677,-0.62240225,-0.9247634,-0.3874308,0.044690546,-0.6491577,-0.6719776,0.16598417,-0.7424089,-0.7911527,-1.0241657,-0.7511939,-0.2131639,-0.8650583,-0.7571365,-0.38374957,0.821998,1.0,842.2299,829.07007,806.04034,814.26526
2016-05-10 18:20:53,-0.31665355,-0.91805613,-0.9553614,-0.4075865,-0.33283585,-0.7005481,-0.7985671,-0.4765683,-0.28175387,-0.76093525,-1.0138425,-0.7457144,-0.9486097,-0.6202702,-0.8596465,-0.90849674,-0.26764598,-1.0838664,-1.1173043,-0.42429164,0.74545634,0.8552034,845.5199,827.4251,801.1054,815.9103
2016-05-10 18:20:54,-0.28125757,-0.9221856,-0.8571085,-0.2911926,-0.42884403,-0.5010932,-0.66278464,-0.53659236,-0.1449351,-1.1495559,-0.35325444,-0.18411858,-0.9144766,-0.6234425,-0.9040992,-0.848833,-0.40934515,-1.0587378,-0.8027773,-0.40373638,0.47671697,0.5146147,850.45483,830.7151,819.2002,829.07007
